'id','name','type','vics',32.533246,-117.113013
'id','name','type','vics',32.530931,-117.113786
'id','name','type','vics',32.52811,-117.115817
'id','name','type','vics',32.525187,-117.121752
'id','name','type','vics',32.519383,-117.085678
'id','name','type','vics',32.521057,-117.087084
'id','name','type','vics',32.526826,-117.123314
'id','name','type','vics',32.530151,-117.08885
'id','name','type','vics',32.526055,-117.055013
'id','name','type','vics',32.532968,-117.073224
'id','name','type','vics',32.523683,-117.064175
'id','name','type','vics',32.510956,-117.056608
'id','name','type','vics',32.52299,-117.065102
'id','name','type','vics',32.527807,-117.060393
'id','name','type','vics',32.535134,-117.053942
'id','name','type','vics',32.531197,-117.073214
'id','name','type','vics',32.513998,-117.012313
'id','name','type','vics',32.523232,-117.029585
'id','name','type','vics',32.515613,-117.008931
'id','name','type','vics',32.512753,-117.0072
'id','name','type','vics',32.516411,-117.007023
'id','name','type','vics',32.520964,-117.022638
'id','name','type','vics',32.514526,-117.010351
'id','name','type','vics',32.516105,-117.011959
'id','name','type','vics',32.524438,-117.022635
'id','name','type','vics',32.524017,-117.017727
'id','name','type','vics',32.522054,-117.013991
'id','name','type','vics',32.523156,-117.031622
'id','name','type','vics',32.489076,-117.01286
'id','name','type','vics',32.525752,-117.035592
'id','name','type','vics',32.517345,-117.013815
'id','name','type','vics',32.519275,-117.023353
'id','name','type','vics',32.522494,-117.027266
'id','name','type','vics',32.513682,-117.011598
'id','name','type','vics',32.487687,-117.032102
'id','name','type','vics',32.532017,-117.028623
'id','name','type','vics',32.515557,-117.005795
'id','name','type','vics',32.530711,-117.010811
'id','name','type','vics',32.543828,-117.041656
'id','name','type','vics',32.533763,-117.036892
'id','name','type','vics',32.534345,-117.040173
'id','name','type','vics',32.531437,-117.026238
'id','name','type','vics',32.51266,-117.00156
'id','name','type','vics',32.530768,-117.010892
'id','name','type','vics',32.535417,-117.023835
'id','name','type','vics',32.530555,-117.026525
'id','name','type','vics',32.527392,-117.02459
'id','name','type','vics',32.528416,-117.048651
'id','name','type','vics',32.533994,-117.030951
'id','name','type','vics',32.530611,-117.048462
'id','name','type','vics',32.532129,-117.024808
'id','name','type','vics',32.499148,-117.033244
'id','name','type','vics',32.53335,-117.045887
'id','name','type','vics',32.529495,-117.034876
'id','name','type','vics',32.508423,-116.992893
'id','name','type','vics',32.504964,-116.978997
'id','name','type','vics',32.528947,-116.978011
'id','name','type','vics',32.507343,-116.981368
'id','name','type','vics',32.512806,-117.004722
'id','name','type','vics',32.511399,-116.972077
'id','name','type','vics',32.533073,-117.006994
'id','name','type','vics',32.534366,-116.950287
'id','name','type','vics',32.52944,-116.951759
'id','name','type','vics',32.53086,-116.95749
'id','name','type','vics',32.508332,-116.964226
'id','name','type','vics',32.512216,-116.962116
'id','name','type','vics',32.507822,-116.966409
'id','name','type','vics',32.51405,-116.988262
'id','name','type','vics',32.519658,-116.988422
'id','name','type','vics',32.529607,-116.977032
'id','name','type','vics',32.530998,-116.955334
'id','name','type','vics',32.527934,-116.945503
'id','name','type','vics',32.508627,-116.982862
'id','name','type','vics',32.507778,-116.981906
'id','name','type','vics',32.507467,-116.973053
'id','name','type','vics',32.507651,-116.983219
'id','name','type','vics',32.509341,-116.953319
'id','name','type','vics',32.5441,-116.938863
'id','name','type','vics',32.535562,-116.933176
'id','name','type','vics',32.524978,-116.934867
'id','name','type','vics',32.543376,-116.937189
'id','name','type','vics',32.535596,-116.931367
'id','name','type','vics',32.5242,-116.924999
'id','name','type','vics',32.533588,-116.941239
'id','name','type','vics',32.537477,-116.919313
'id','name','type','vics',32.535316,-116.933657
'id','name','type','vics',32.529917,-116.928812
'id','name','type','vics',32.537404,-116.920136
'id','name','type','vics',32.511617,-116.888692
'id','name','type','vics',32.544648,-116.90472
'id','name','type','vics',32.537663,-116.894403
'id','name','type','vics',32.513471,-116.89108
'id','name','type','vics',32.51131,-116.911343
'id','name','type','vics',32.484307,-117.052283
'id','name','type','vics',32.523066,-117.040191
'id','name','type','vics',32.501678,-117.038504
'id','name','type','vics',32.524232,-117.040176
'id','name','type','vics',32.521712,-117.033155
'id','name','type','vics',32.522817,-117.040648
'id','name','type','vics',32.514244,-116.887537
'id','name','type','vics',32.513652,-116.8622
'id','name','type','vics',32.510538,-116.872092
'id','name','type','vics',32.513326,-116.866915
'id','name','type','vics',32.531528,-116.878996
'id','name','type','vics',32.514955,-116.85698
'id','name','type','vics',32.508536,-116.86279
'id','name','type','vics',32.513146,-116.870912
'id','name','type','vics',32.508158,-116.862822
'id','name','type','vics',32.52852,-116.881542
'id','name','type','vics',32.489425,-116.982345
'id','name','type','vics',32.502618,-116.956695
'id','name','type','vics',32.501825,-116.964653
'id','name','type','vics',32.495415,-116.958187
'id','name','type','vics',32.499477,-116.965926
'id','name','type','vics',32.491892,-116.955371
'id','name','type','vics',32.500215,-116.969348
'id','name','type','vics',32.502481,-116.971721
'id','name','type','vics',32.50332,-116.974912
'id','name','type','vics',32.494269,-116.957902
'id','name','type','vics',32.494508,-116.933463
'id','name','type','vics',32.493872,-116.929573
'id','name','type','vics',32.497061,-116.932854
'id','name','type','vics',32.505668,-116.965115
'id','name','type','vics',32.49847,-116.919444
'id','name','type','vics',32.501971,-116.8982
'id','name','type','vics',32.499289,-116.916864
'id','name','type','vics',32.497767,-116.910984
'id','name','type','vics',32.492142,-116.913536
'id','name','type','vics',32.499257,-116.899896
'id','name','type','vics',32.498794,-116.91684
'id','name','type','vics',32.500081,-116.918117
'id','name','type','vics',32.498079,-116.89085
'id','name','type','vics',32.49882,-116.890292
'id','name','type','vics',32.498521,-116.889286
'id','name','type','vics',32.4989,-116.89403
'id','name','type','vics',32.504029,-116.889652
'id','name','type','vics',32.500638,-116.89206
'id','name','type','vics',32.489497,-117.031199
'id','name','type','vics',32.480081,-117.036219
'id','name','type','vics',32.500094,-117.001342
'id','name','type','vics',32.476244,-116.993981
'id','name','type','vics',32.476855,-116.993108
'id','name','type','vics',32.50374,-116.968834
'id','name','type','vics',32.503315,-116.974922
'id','name','type','vics',32.505111,-116.977567
'id','name','type','vics',32.5056,-116.978406
'id','name','type','vics',32.498321,-116.986921
'id','name','type','vics',32.486171,-116.946044
'id','name','type','vics',32.485814,-116.942743
'id','name','type','vics',32.480454,-116.966419
'id','name','type','vics',32.491785,-116.95549
'id','name','type','vics',32.484646,-116.927021
'id','name','type','vics',32.487526,-116.948805
'id','name','type','vics',32.492798,-116.955141
'id','name','type','vics',32.478799,-116.955679
'id','name','type','vics',32.494732,-116.885247
'id','name','type','vics',32.497188,-116.862817
'id','name','type','vics',32.496696,-116.863417
'id','name','type','vics',32.480551,-116.881543
'id','name','type','vics',32.484803,-116.849437
'id','name','type','vics',32.49372,-116.852014
'id','name','type','vics',32.507228,-116.843548
'id','name','type','vics',32.49236,-116.856632
'id','name','type','vics',32.490594,-116.853323
'id','name','type','vics',32.498078,-116.864569
'id','name','type','vics',32.445419,-117.035632
'id','name','type','vics',32.43539,-117.031549
'id','name','type','vics',32.445682,-117.008851
'id','name','type','vics',32.434884,-117.030804
'id','name','type','vics',32.441995,-117.03584
'id','name','type','vics',32.444659,-117.014757
'id','name','type','vics',32.435133,-117.03141
'id','name','type','vics',32.45549,-116.995322
'id','name','type','vics',32.420011,-117.028974
'id','name','type','vics',32.492894,-116.959417
'id','name','type','vics',32.495576,-116.960578
'id','name','type','vics',32.49449,-116.959258
'id','name','type','vics',32.476315,-116.962692
'id','name','type','vics',32.473192,-116.948453
'id','name','type','vics',32.478314,-116.955307
'id','name','type','vics',32.487716,-116.949334
'id','name','type','vics',32.464489,-116.914238
'id','name','type','vics',32.467961,-116.935118
'id','name','type','vics',32.459896,-116.897812
'id','name','type','vics',32.475729,-116.861044
'id','name','type','vics',32.464982,-116.86426
'id','name','type','vics',32.473443,-116.859956
'id','name','type','vics',32.46894,-116.848119
'id','name','type','vics',32.463353,-116.821189
'id','name','type','vics',32.451498,-116.885628
'id','name','type','vics',32.460361,-116.871948
'id','name','type','vics',32.428513,-116.956595
'id','name','type','vics',32.408724,-116.962713
'id','name','type','vics',32.518582,-117.100781
'id','name','type','vics',32.518524,-117.122063
'id','name','type','vics',32.519443,-117.119984
'id','name','type','vics',32.529539,-117.110406
'id','name','type','vics',32.534487,-117.083264
'id','name','type','vics',32.510449,-117.11754
'id','name','type','vics',32.526687,-117.111929
'id','name','type','vics',32.533164,-117.052369
'id','name','type','vics',32.533102,-117.052331
'id','name','type','vics',32.533669,-117.069939
'id','name','type','vics',32.480082,-117.06976
'id','name','type','vics',32.51926,-117.012635
'id','name','type','vics',32.515488,-117.044419
'id','name','type','vics',32.525768,-117.031807
'id','name','type','vics',32.516243,-117.028912
'id','name','type','vics',32.513935,-117.044452
'id','name','type','vics',32.514408,-117.006977
'id','name','type','vics',32.523966,-117.033902
'id','name','type','vics',32.526463,-117.04263
'id','name','type','vics',32.521896,-117.026501
'id','name','type','vics',32.516844,-117.030378
'id','name','type','vics',32.515619,-117.014883
'id','name','type','vics',32.524709,-117.014743
'id','name','type','vics',32.519624,-117.015672
'id','name','type','vics',32.534032,-117.021852
'id','name','type','vics',32.534414,-117.02286
'id','name','type','vics',32.529596,-116.998758
'id','name','type','vics',32.538855,-117.019148
'id','name','type','vics',32.531477,-117.024998
'id','name','type','vics',32.531146,-117.02392
'id','name','type','vics',32.504817,-117.004198
'id','name','type','vics',32.537102,-117.016909
'id','name','type','vics',32.531243,-117.034298
'id','name','type','vics',32.533888,-117.036799
'id','name','type','vics',32.53085,-116.987018
'id','name','type','vics',32.509793,-116.973538
'id','name','type','vics',32.506304,-116.986327
'id','name','type','vics',32.525206,-116.969517
'id','name','type','vics',32.528653,-116.989496
'id','name','type','vics',32.508337,-116.980646
'id','name','type','vics',32.50808,-116.971704
'id','name','type','vics',32.519843,-116.98566
'id','name','type','vics',32.529937,-116.970535
'id','name','type','vics',32.514523,-116.992596
'id','name','type','vics',32.523872,-116.97539
'id','name','type','vics',32.512074,-116.984612
'id','name','type','vics',32.54382,-117.006894
'id','name','type','vics',32.530279,-116.964419
'id','name','type','vics',32.526625,-116.95075
'id','name','type','vics',32.512919,-116.958517
'id','name','type','vics',32.530716,-116.967246
'id','name','type','vics',32.532464,-116.967765
'id','name','type','vics',32.53917,-116.943315
'id','name','type','vics',32.532007,-116.962128
'id','name','type','vics',32.530933,-116.962316
'id','name','type','vics',32.5337,-116.96518
'id','name','type','vics',32.507391,-116.968194
'id','name','type','vics',32.532105,-116.964416
'id','name','type','vics',32.533826,-116.964237
'id','name','type','vics',32.532215,-116.965644
'id','name','type','vics',32.531727,-116.958636
'id','name','type','vics',32.531396,-116.967228
'id','name','type','vics',32.538872,-116.942897
'id','name','type','vics',32.535147,-116.926275
'id','name','type','vics',32.550131,-116.939245
'id','name','type','vics',32.534304,-116.926964
'id','name','type','vics',32.53473,-116.962505
'id','name','type','vics',32.532706,-116.964129
'id','name','type','vics',32.531992,-116.964979
'id','name','type','vics',32.546778,-116.929291
'id','name','type','vics',32.535513,-116.927446
'id','name','type','vics',32.512187,-116.897517
'id','name','type','vics',32.541317,-116.902761
'id','name','type','vics',32.535831,-116.927685
'id','name','type','vics',32.54187,-116.933788
'id','name','type','vics',32.535294,-116.926349
'id','name','type','vics',32.542049,-116.934644
'id','name','type','vics',32.535417,-116.927785
'id','name','type','vics',32.48498,-117.034619
'id','name','type','vics',32.509222,-116.861991
'id','name','type','vics',32.502631,-116.986048
'id','name','type','vics',32.514999,-116.99844
'id','name','type','vics',32.528873,-116.986867
'id','name','type','vics',32.493136,-116.967428
'id','name','type','vics',32.491924,-116.952495
'id','name','type','vics',32.495941,-116.952209
'id','name','type','vics',32.500805,-116.948079
'id','name','type','vics',32.495124,-116.970913
'id','name','type','vics',32.500135,-116.92906
'id','name','type','vics',32.501453,-116.9355
'id','name','type','vics',32.500175,-116.928759
'id','name','type','vics',32.492097,-116.919007
'id','name','type','vics',32.525874,-116.944141
'id','name','type','vics',32.482891,-117.030895
'id','name','type','vics',32.477141,-117.014901
'id','name','type','vics',32.50756,-116.968271
'id','name','type','vics',32.504804,-116.976247
'id','name','type','vics',32.496199,-116.952565
'id','name','type','vics',32.484785,-116.927321
'id','name','type','vics',32.481284,-116.928391
'id','name','type','vics',32.488376,-116.922037
'id','name','type','vics',32.4816,-116.909069
'id','name','type','vics',32.479927,-116.926353
'id','name','type','vics',32.481666,-116.906251
'id','name','type','vics',32.476076,-116.884742
'id','name','type','vics',32.460527,-117.045195
'id','name','type','vics',32.437793,-117.062754
'id','name','type','vics',32.462756,-116.867752
'id','name','type','vics',32.460361,-116.871948
'id','name','type','vics',32.461266,-116.878838
'id','name','type','vics',32.460992,-116.825683
'id','name','type','vics',32.48819,-117.040903
'id','name','type','vics',32.539182,-117.034987
'id','name','type','vics',32.5277,-117.03719
'id','name','type','vics',32.539271,-117.03543
'id','name','type','vics',32.50695,-116.976147
'id','name','type','vics',32.537471,-116.921997
'id','name','type','vics',32.498762,-116.905464
'id','name','type','vics',32.438511,-117.042423
'id','name','type','vics',32.461733,-116.880498
'id','name','type','vics',32.509837,-116.792957
'id','name','type','vics',32.514001,-117.114224
'id','name','type','vics',32.526808,-117.108929
'id','name','type','vics',32.526808,-117.108929
'id','name','type','vics',32.532962,-117.11749
'id','name','type','vics',32.522993,-117.119912
'id','name','type','vics',32.524992,-117.110624
'id','name','type','vics',32.526989,-117.109955
'id','name','type','vics',32.517633,-117.114129
'id','name','type','vics',32.531736,-117.116779
'id','name','type','vics',32.515102,-117.084326
'id','name','type','vics',32.531493,-117.100922
'id','name','type','vics',32.523352,-117.111569
'id','name','type','vics',32.503054,-117.088661
'id','name','type','vics',32.518499,-117.115024
'id','name','type','vics',32.527231,-117.118098
'id','name','type','vics',32.522694,-117.120038
'id','name','type','vics',32.527247,-117.111087
'id','name','type','vics',32.513102,-117.083933
'id','name','type','vics',32.524225,-117.081254
'id','name','type','vics',32.53213,-117.091822
'id','name','type','vics',32.521431,-117.053552
'id','name','type','vics',32.517789,-117.063328
'id','name','type','vics',32.521861,-117.062635
'id','name','type','vics',32.519524,-117.073832
'id','name','type','vics',32.529257,-117.074078
'id','name','type','vics',32.503434,-117.052886
'id','name','type','vics',32.518774,-117.071771
'id','name','type','vics',32.507021,-117.068286
'id','name','type','vics',32.531962,-117.052127
'id','name','type','vics',32.537116,-117.063989
'id','name','type','vics',32.526142,-117.077937
'id','name','type','vics',32.531211,-117.072973
'id','name','type','vics',32.536579,-117.074239
'id','name','type','vics',32.506785,-117.072898
'id','name','type','vics',32.533166,-117.052362
'id','name','type','vics',32.525694,-117.065591
'id','name','type','vics',32.510101,-117.054713
'id','name','type','vics',32.49269,-117.067726
'id','name','type','vics',32.490516,-117.091398
'id','name','type','vics',32.490318,-117.090909
'id','name','type','vics',32.484457,-117.082961
'id','name','type','vics',32.515554,-117.075588
'id','name','type','vics',32.51525,-117.08327
'id','name','type','vics',32.497022,-117.065446
'id','name','type','vics',32.522816,-117.098125
'id','name','type','vics',32.483278,-117.064134
'id','name','type','vics',32.48843,-117.069775
'id','name','type','vics',32.485514,-117.063753
'id','name','type','vics',32.470725,-117.070762
'id','name','type','vics',32.49054,-117.070806
'id','name','type','vics',32.492746,-117.064352
'id','name','type','vics',32.49657,-117.060357
'id','name','type','vics',32.500676,-117.060494
'id','name','type','vics',32.482981,-117.072053
'id','name','type','vics',32.501788,-117.062451
'id','name','type','vics',32.48054,-117.075357
'id','name','type','vics',32.490516,-117.091398
'id','name','type','vics',32.488348,-117.086926
'id','name','type','vics',32.47678,-117.067118
'id','name','type','vics',32.48634,-117.071372
'id','name','type','vics',32.493383,-117.03417
'id','name','type','vics',32.501505,-117.032676
'id','name','type','vics',32.52676,-117.028888
'id','name','type','vics',32.488839,-117.006637
'id','name','type','vics',32.518615,-117.022766
'id','name','type','vics',32.518199,-117.03219
'id','name','type','vics',32.523476,-117.010861
'id','name','type','vics',32.521913,-117.026822
'id','name','type','vics',32.49358,-117.046957
'id','name','type','vics',32.526897,-117.00665
'id','name','type','vics',32.51684,-117.030448
'id','name','type','vics',32.523057,-117.043367
'id','name','type','vics',32.525334,-117.047953
'id','name','type','vics',32.520396,-117.02061
'id','name','type','vics',32.519068,-117.01026
'id','name','type','vics',32.517427,-117.006925
'id','name','type','vics',32.51939,-117.017055
'id','name','type','vics',32.500657,-117.028996
'id','name','type','vics',32.50169,-117.021152
'id','name','type','vics',32.515721,-117.004011
'id','name','type','vics',32.530665,-117.040532
'id','name','type','vics',32.514977,-117.002003
'id','name','type','vics',32.526423,-117.003483
'id','name','type','vics',32.514356,-116.995468
'id','name','type','vics',32.503408,-117.002417
'id','name','type','vics',32.535545,-117.024612
'id','name','type','vics',32.509786,-116.99557
'id','name','type','vics',32.531253,-117.051694
'id','name','type','vics',32.518066,-117.044761
'id','name','type','vics',32.521388,-117.03109
'id','name','type','vics',32.509755,-117.045465
'id','name','type','vics',32.512387,-116.969605
'id','name','type','vics',32.533964,-116.971021
'id','name','type','vics',32.512849,-116.969609
'id','name','type','vics',32.507843,-116.980154
'id','name','type','vics',32.526012,-116.973026
'id','name','type','vics',32.512872,-116.970341
'id','name','type','vics',32.514526,-116.999664
'id','name','type','vics',32.535841,-117.013502
'id','name','type','vics',32.507521,-117.010108
'id','name','type','vics',32.505029,-117.002028
'id','name','type','vics',32.529878,-116.944707
'id','name','type','vics',32.524214,-116.96304
'id','name','type','vics',32.537118,-116.943498
'id','name','type','vics',32.528723,-116.985474
'id','name','type','vics',32.528737,-116.98546
'id','name','type','vics',32.528444,-116.991043
'id','name','type','vics',32.525544,-116.971865
'id','name','type','vics',32.529721,-116.944974
'id','name','type','vics',32.533737,-116.964249
'id','name','type','vics',32.528574,-116.98873
'id','name','type','vics',32.509649,-116.972197
'id','name','type','vics',32.526715,-116.947629
'id','name','type','vics',32.517652,-116.987064
'id','name','type','vics',32.528942,-116.946999
'id','name','type','vics',32.538676,-116.929939
'id','name','type','vics',32.539509,-116.924116
'id','name','type','vics',32.521353,-116.925198
'id','name','type','vics',32.537827,-116.926735
'id','name','type','vics',32.53799,-116.942375
'id','name','type','vics',32.52945,-116.942884
'id','name','type','vics',32.523897,-116.931742
'id','name','type','vics',32.53132,-116.925903
'id','name','type','vics',32.512419,-116.919745
'id','name','type','vics',32.517343,-116.927651
'id','name','type','vics',32.533688,-116.933068
'id','name','type','vics',32.516268,-116.94891
'id','name','type','vics',32.535873,-116.94282
'id','name','type','vics',32.522336,-116.892195
'id','name','type','vics',32.515166,-116.899261
'id','name','type','vics',32.54723,-116.897395
'id','name','type','vics',32.5447,-116.895451
'id','name','type','vics',32.5447,-116.895451
'id','name','type','vics',32.53868,-116.924572
'id','name','type','vics',32.552664,-116.895475
'id','name','type','vics',32.521353,-116.925198
'id','name','type','vics',32.522828,-116.933478
'id','name','type','vics',32.54177,-116.903561
'id','name','type','vics',32.538298,-116.895392
'id','name','type','vics',32.483437,-117.033986
'id','name','type','vics',32.482763,-117.033887
'id','name','type','vics',32.485773,-117.051391
'id','name','type','vics',32.514746,-117.041218
'id','name','type','vics',32.52387,-116.855962
'id','name','type','vics',32.510567,-116.879801
'id','name','type','vics',32.52378,-116.871709
'id','name','type','vics',32.517817,-116.869132
'id','name','type','vics',32.513176,-116.878455
'id','name','type','vics',32.509782,-116.869869
'id','name','type','vics',32.509121,-116.855818
'id','name','type','vics',32.541489,-116.886617
'id','name','type','vics',32.539405,-116.879426
'id','name','type','vics',32.517975,-116.869487
'id','name','type','vics',32.55254,-116.883599
'id','name','type','vics',32.507575,-116.91241
'id','name','type','vics',32.534784,-116.868028
'id','name','type','vics',32.507872,-116.893519
'id','name','type','vics',32.512257,-116.885948
'id','name','type','vics',32.52838,-116.864639
'id','name','type','vics',32.510668,-116.880636
'id','name','type','vics',32.499219,-116.987695
'id','name','type','vics',32.48753,-116.949463
'id','name','type','vics',32.490134,-116.956677
'id','name','type','vics',32.49076,-116.950156
'id','name','type','vics',32.496323,-116.977159
'id','name','type','vics',32.503718,-116.987121
'id','name','type','vics',32.496704,-116.990281
'id','name','type','vics',32.505378,-116.92361
'id','name','type','vics',32.49402,-116.960964
'id','name','type','vics',32.49702,-116.950287
'id','name','type','vics',32.501763,-116.971245
'id','name','type','vics',32.500931,-116.947819
'id','name','type','vics',32.496199,-116.952565
'id','name','type','vics',32.508603,-116.930434
'id','name','type','vics',32.502973,-116.905205
'id','name','type','vics',32.503102,-116.905807
'id','name','type','vics',32.505827,-116.897588
'id','name','type','vics',32.502862,-116.942881
'id','name','type','vics',32.492097,-116.919007
'id','name','type','vics',32.490832,-116.922037
'id','name','type','vics',32.502065,-116.883488
'id','name','type','vics',32.505052,-116.883966
'id','name','type','vics',32.503921,-116.878329
'id','name','type','vics',32.498091,-116.894768
'id','name','type','vics',32.521419,-116.877911
'id','name','type','vics',32.51634,-116.887179
'id','name','type','vics',32.502346,-116.916367
'id','name','type','vics',32.515812,-116.91151
'id','name','type','vics',32.500621,-116.849637
'id','name','type','vics',32.503264,-116.852566
'id','name','type','vics',32.51343,-116.850682
'id','name','type','vics',32.518572,-116.848483
'id','name','type','vics',32.528669,-116.867087
'id','name','type','vics',32.476618,-117.031085
'id','name','type','vics',32.499472,-117.027135
'id','name','type','vics',32.491319,-117.034311
'id','name','type','vics',32.504939,-117.046392
'id','name','type','vics',32.492687,-117.04641
'id','name','type','vics',32.474729,-117.027797
'id','name','type','vics',32.475578,-117.03158
'id','name','type','vics',32.481792,-117.044865
'id','name','type','vics',32.5026,-117.03501
'id','name','type','vics',32.484643,-117.019885
'id','name','type','vics',32.47844,-117.015318
'id','name','type','vics',32.503751,-117.005151
'id','name','type','vics',32.477,-117.023576
'id','name','type','vics',32.470285,-116.970135
'id','name','type','vics',32.483391,-116.97039
'id','name','type','vics',32.496933,-116.987925
'id','name','type','vics',32.501969,-116.972258
'id','name','type','vics',32.4859,-116.974733
'id','name','type','vics',32.486954,-116.97684
'id','name','type','vics',32.505412,-116.974879
'id','name','type','vics',32.479492,-116.94952
'id','name','type','vics',32.484302,-116.947123
'id','name','type','vics',32.478553,-116.937663
'id','name','type','vics',32.480692,-116.956876
'id','name','type','vics',32.482957,-116.957755
'id','name','type','vics',32.471742,-116.936873
'id','name','type','vics',32.482377,-116.925804
'id','name','type','vics',32.481891,-116.91085
'id','name','type','vics',32.48451,-116.92197
'id','name','type','vics',32.474029,-116.932127
'id','name','type','vics',32.486363,-116.952844
'id','name','type','vics',32.484434,-116.946014
'id','name','type','vics',32.484866,-116.924865
'id','name','type','vics',32.495248,-116.887654
'id','name','type','vics',32.477596,-116.884243
'id','name','type','vics',32.481559,-116.924744
'id','name','type','vics',32.480063,-116.880747
'id','name','type','vics',32.480657,-116.882379
'id','name','type','vics',32.479358,-116.879707
'id','name','type','vics',32.482711,-116.881552
'id','name','type','vics',32.492783,-116.869783
'id','name','type','vics',32.496882,-116.853561
'id','name','type','vics',32.493507,-116.856156
'id','name','type','vics',32.488814,-116.857329
'id','name','type','vics',32.497552,-116.85402
'id','name','type','vics',32.483528,-116.837984
'id','name','type','vics',32.497795,-116.865647
'id','name','type','vics',32.52171,-116.841855
'id','name','type','vics',32.504111,-116.857211
'id','name','type','vics',32.515264,-116.853571
'id','name','type','vics',32.51343,-116.850681
'id','name','type','vics',32.509872,-116.830942
'id','name','type','vics',32.52513,-116.85615
'id','name','type','vics',32.524961,-116.854513
'id','name','type','vics',32.500314,-116.85
'id','name','type','vics',32.522228,-116.858525
'id','name','type','vics',32.506316,-116.855749
'id','name','type','vics',32.519362,-116.860337
'id','name','type','vics',32.510799,-116.85
'id','name','type','vics',32.481137,-117.016358
'id','name','type','vics',32.489348,-117.046547
'id','name','type','vics',32.489348,-117.046547
'id','name','type','vics',32.471963,-117.014114
'id','name','type','vics',32.476441,-117.026791
'id','name','type','vics',32.489076,-117.04323
'id','name','type','vics',32.476446,-117.03035
'id','name','type','vics',32.488179,-117.021883
'id','name','type','vics',32.460462,-117.04533
'id','name','type','vics',32.439113,-117.035339
'id','name','type','vics',32.431368,-117.042404
'id','name','type','vics',32.469247,-117.008785
'id','name','type','vics',32.438307,-117.041802
'id','name','type','vics',32.464822,-117.009543
'id','name','type','vics',32.433107,-117.034865
'id','name','type','vics',32.440065,-117.038588
'id','name','type','vics',32.466473,-117.010933
'id','name','type','vics',32.451977,-117.004472
'id','name','type','vics',32.447074,-117.038807
'id','name','type','vics',32.444983,-117.007033
'id','name','type','vics',32.468337,-117.00438
'id','name','type','vics',32.462702,-117.00777
'id','name','type','vics',32.437145,-117.012479
'id','name','type','vics',32.438416,-117.042216
'id','name','type','vics',32.443526,-117.011136
'id','name','type','vics',32.467777,-117.010232
'id','name','type','vics',32.406391,-117.061122
'id','name','type','vics',32.437808,-117.062884
'id','name','type','vics',32.412336,-117.032875
'id','name','type','vics',32.407862,-117.045572
'id','name','type','vics',32.408797,-117.044542
'id','name','type','vics',32.408797,-117.044542
'id','name','type','vics',32.417972,-117.055206
'id','name','type','vics',32.452746,-117.0206
'id','name','type','vics',32.45297,-117.020566
'id','name','type','vics',32.441196,-117.057008
'id','name','type','vics',32.444042,-117.025612
'id','name','type','vics',32.461608,-116.978214
'id','name','type','vics',32.480268,-116.982669
'id','name','type','vics',32.488733,-117.00727
'id','name','type','vics',32.487173,-116.985684
'id','name','type','vics',32.481792,-117.000694
'id','name','type','vics',32.479555,-116.979648
'id','name','type','vics',32.485535,-116.986832
'id','name','type','vics',32.485052,-116.983386
'id','name','type','vics',32.464277,-116.965466
'id','name','type','vics',32.455373,-116.950688
'id','name','type','vics',32.462994,-116.976002
'id','name','type','vics',32.462382,-116.928892
'id','name','type','vics',32.459746,-116.933543
'id','name','type','vics',32.469708,-116.933841
'id','name','type','vics',32.457167,-116.937544
'id','name','type','vics',32.469778,-116.923171
'id','name','type','vics',32.466492,-116.884225
'id','name','type','vics',32.459442,-116.89393
'id','name','type','vics',32.458249,-116.880737
'id','name','type','vics',32.473009,-116.912934
'id','name','type','vics',32.475283,-116.887392
'id','name','type','vics',32.471371,-116.863923
'id','name','type','vics',32.464582,-116.875738
'id','name','type','vics',32.465244,-116.901432
'id','name','type','vics',32.468256,-116.881593
'id','name','type','vics',32.469581,-116.875924
'id','name','type','vics',32.491993,-116.902123
'id','name','type','vics',32.472723,-116.87776
'id','name','type','vics',32.482214,-116.865673
'id','name','type','vics',32.472725,-116.877783
'id','name','type','vics',32.48053,-116.857671
'id','name','type','vics',32.465753,-116.833472
'id','name','type','vics',32.465589,-116.83371
'id','name','type','vics',32.476383,-116.85165
'id','name','type','vics',32.483528,-116.837984
'id','name','type','vics',32.497012,-116.867078
'id','name','type','vics',32.501442,-116.871905
'id','name','type','vics',32.477827,-116.831949
'id','name','type','vics',32.490782,-116.829096
'id','name','type','vics',32.464819,-116.825759
'id','name','type','vics',32.482796,-116.842475
'id','name','type','vics',32.47819,-116.811245
'id','name','type','vics',32.509814,-116.793291
'id','name','type','vics',32.509226,-116.79357
'id','name','type','vics',32.485857,-116.777579
'id','name','type','vics',32.459521,-116.964888
'id','name','type','vics',32.474686,-116.966135
'id','name','type','vics',32.45546,-116.993837
'id','name','type','vics',32.460191,-116.962137
'id','name','type','vics',32.471546,-116.977932
'id','name','type','vics',32.445113,-116.984786
'id','name','type','vics',32.448341,-116.988138
'id','name','type','vics',32.474686,-116.966135
'id','name','type','vics',32.468782,-116.985387
'id','name','type','vics',32.46629,-116.951391
'id','name','type','vics',32.463538,-116.938863
'id','name','type','vics',32.469103,-116.953481
'id','name','type','vics',32.478233,-116.943271
'id','name','type','vics',32.477114,-116.951831
'id','name','type','vics',32.471436,-116.950747
'id','name','type','vics',32.476913,-116.936461
'id','name','type','vics',32.462072,-116.943019
'id','name','type','vics',32.448962,-116.927463
'id','name','type','vics',32.459191,-116.924227
'id','name','type','vics',32.471706,-116.912236
'id','name','type','vics',32.455902,-116.92555
'id','name','type','vics',32.456374,-116.87754
'id','name','type','vics',32.460933,-116.878365
'id','name','type','vics',32.459254,-116.887251
'id','name','type','vics',32.460893,-116.877745
'id','name','type','vics',32.457465,-116.918575
'id','name','type','vics',32.460366,-116.868632
'id','name','type','vics',32.449104,-116.838806
'id','name','type','vics',32.460164,-116.832953
'id','name','type','vics',32.4688,-116.862763
'id','name','type','vics',32.486185,-116.843859
'id','name','type','vics',32.478162,-116.839114
'id','name','type','vics',32.455784,-116.846005
'id','name','type','vics',32.46756,-116.862734
'id','name','type','vics',32.446304,-116.987007
'id','name','type','vics',32.45162,-116.989089
'id','name','type','vics',32.445643,-117.004792
'id','name','type','vics',32.442293,-117.004697
'id','name','type','vics',32.445299,-116.984862
'id','name','type','vics',32.451704,-116.989044
'id','name','type','vics',32.440282,-116.999447
'id','name','type','vics',32.450093,-116.989511
'id','name','type','vics',32.425202,-116.96656
'id','name','type','vics',32.422431,-116.973756
'id','name','type','vics',32.424968,-116.958059
'id','name','type','vics',32.462817,-116.943491
'id','name','type','vics',32.462817,-116.943491
'id','name','type','vics',32.455373,-116.950688
'id','name','type','vics',32.461608,-116.978214
'id','name','type','vics',32.455549,-116.971217
'id','name','type','vics',32.459693,-116.970408
'id','name','type','vics',32.447928,-116.926927
'id','name','type','vics',32.450947,-116.913064
'id','name','type','vics',32.450102,-116.909678
'id','name','type','vics',32.457646,-116.917423
'id','name','type','vics',32.457596,-116.919375
'id','name','type','vics',32.458975,-116.895071
'id','name','type','vics',32.46188,-116.876262
'id','name','type','vics',32.462847,-116.896123
'id','name','type','vics',32.461904,-116.875904
'id','name','type','vics',32.461904,-116.875904
'id','name','type','vics',32.466805,-116.896778
'id','name','type','vics',32.466136,-116.873489
'id','name','type','vics',32.40083,-116.92301
'id','name','type','vics',32.410397,-116.941334
'id','name','type','vics',32.40968,-116.96547
'id','name','type','vics',32.408924,-116.96569
'id','name','type','vics',32.523,-117.112586
'id','name','type','vics',32.523055,-117.113335
'id','name','type','vics',32.529334,-117.086122
'id','name','type','vics',32.529334,-117.086122
'id','name','type','vics',32.529334,-117.086122
'id','name','type','vics',32.50702,-117.092647
'id','name','type','vics',32.537993,-117.079499
'id','name','type','vics',32.52309,-117.121773
'id','name','type','vics',32.511351,-117.122924
'id','name','type','vics',32.533622,-117.116042
'id','name','type','vics',32.521133,-117.117748
'id','name','type','vics',32.529707,-117.119846
'id','name','type','vics',32.503054,-117.088661
'id','name','type','vics',32.503054,-117.088661
'id','name','type','vics',32.503054,-117.088661
'id','name','type','vics',32.503054,-117.088661
'id','name','type','vics',32.531572,-117.052377
'id','name','type','vics',32.531505,-117.053483
'id','name','type','vics',32.509901,-117.054017
'id','name','type','vics',32.538079,-117.060036
'id','name','type','vics',32.538053,-117.059953
'id','name','type','vics',32.538079,-117.060036
'id','name','type','vics',32.515496,-117.075643
'id','name','type','vics',32.504069,-117.066138
'id','name','type','vics',32.536171,-117.058492
'id','name','type','vics',32.512999,-117.078978
'id','name','type','vics',32.523999,-117.07283
'id','name','type','vics',32.532638,-117.074645
'id','name','type','vics',32.505613,-117.067033
'id','name','type','vics',32.522472,-117.067126
'id','name','type','vics',32.484826,-117.082265
'id','name','type','vics',32.505613,-117.067033
'id','name','type','vics',32.505613,-117.067033
'id','name','type','vics',32.484457,-117.082961
'id','name','type','vics',32.513005,-117.078885
'id','name','type','vics',32.505613,-117.067033
'id','name','type','vics',32.470693,-117.070862
'id','name','type','vics',32.49718,-117.058386
'id','name','type','vics',32.522248,-117.026083
'id','name','type','vics',32.501411,-117.04201
'id','name','type','vics',32.512478,-117.039091
'id','name','type','vics',32.522035,-117.023593
'id','name','type','vics',32.488227,-117.040393
'id','name','type','vics',32.488227,-117.040393
'id','name','type','vics',32.488143,-117.040431
'id','name','type','vics',32.510659,-117.04287
'id','name','type','vics',32.519741,-117.011386
'id','name','type','vics',32.519862,-117.008832
'id','name','type','vics',32.503748,-117.046728
'id','name','type','vics',32.492669,-117.046342
'id','name','type','vics',32.52304,-117.021344
'id','name','type','vics',32.496533,-117.045626
'id','name','type','vics',32.512576,-117.030821
'id','name','type','vics',32.503527,-117.042382
'id','name','type','vics',32.52298,-117.016777
'id','name','type','vics',32.52029,-117.0178
'id','name','type','vics',32.516895,-117.023757
'id','name','type','vics',32.532486,-117.0189
'id','name','type','vics',32.530626,-117.02611
'id','name','type','vics',32.53499,-117.038814
'id','name','type','vics',32.527087,-117.023414
'id','name','type','vics',32.53589,-117.015547
'id','name','type','vics',32.530302,-117.017918
'id','name','type','vics',32.538966,-117.018364
'id','name','type','vics',32.527263,-116.995184
'id','name','type','vics',32.530302,-117.017918
'id','name','type','vics',32.536318,-117.037009
'id','name','type','vics',32.529722,-117.026286
'id','name','type','vics',32.534801,-117.036516
'id','name','type','vics',32.512743,-117.005736
'id','name','type','vics',32.537597,-117.042266
'id','name','type','vics',32.533863,-117.030572
'id','name','type','vics',32.531232,-117.023847
'id','name','type','vics',32.527776,-117.037574
'id','name','type','vics',32.532547,-117.046564
'id','name','type','vics',32.532011,-117.044856
'id','name','type','vics',32.509661,-116.97526
'id','name','type','vics',32.529452,-116.978526
'id','name','type','vics',32.508023,-116.987847
'id','name','type','vics',32.537262,-116.970803
'id','name','type','vics',32.515745,-116.989402
'id','name','type','vics',32.526895,-116.993817
'id','name','type','vics',32.536272,-116.975492
'id','name','type','vics',32.530302,-117.017918
'id','name','type','vics',32.546019,-116.975624
'id','name','type','vics',32.529562,-117.013966
'id','name','type','vics',32.542253,-116.943483
'id','name','type','vics',32.536844,-116.944297
'id','name','type','vics',32.537938,-116.974806
'id','name','type','vics',32.515452,-116.988542
'id','name','type','vics',32.529937,-116.970535
'id','name','type','vics',32.510412,-116.960693
'id','name','type','vics',32.526012,-116.973622
'id','name','type','vics',32.518136,-116.950396
'id','name','type','vics',32.519135,-116.983646
'id','name','type','vics',32.546072,-116.975492
'id','name','type','vics',32.531575,-116.947774
'id','name','type','vics',32.531727,-116.958636
'id','name','type','vics',32.546409,-116.934755
'id','name','type','vics',32.512419,-116.919745
'id','name','type','vics',32.524665,-116.936823
'id','name','type','vics',32.546769,-116.929398
'id','name','type','vics',32.541742,-116.923942
'id','name','type','vics',32.529509,-116.940694
'id','name','type','vics',32.524944,-116.948019
'id','name','type','vics',32.547517,-116.94925
'id','name','type','vics',32.52074,-116.927011
'id','name','type','vics',32.521353,-116.925198
'id','name','type','vics',32.536827,-116.944142
'id','name','type','vics',32.537389,-116.920439
'id','name','type','vics',32.5534,-116.938354
'id','name','type','vics',32.512607,-116.889436
'id','name','type','vics',32.545876,-116.913118
'id','name','type','vics',32.525246,-116.916049
'id','name','type','vics',32.551614,-116.904588
'id','name','type','vics',32.515166,-116.899261
'id','name','type','vics',32.523462,-116.896788
'id','name','type','vics',32.523663,-116.900064
'id','name','type','vics',32.549749,-116.897346
'id','name','type','vics',32.515372,-116.90098
'id','name','type','vics',32.512478,-117.039091
'id','name','type','vics',32.484567,-117.033825
'id','name','type','vics',32.512478,-117.039091
'id','name','type','vics',32.521878,-116.864559
'id','name','type','vics',32.511504,-116.867855
'id','name','type','vics',32.547029,-116.881887
'id','name','type','vics',32.516237,-116.862902
'id','name','type','vics',32.508692,-116.871935
'id','name','type','vics',32.518883,-116.864082
'id','name','type','vics',32.519368,-116.860346
'id','name','type','vics',32.498718,-116.985317
'id','name','type','vics',32.514886,-116.993371
'id','name','type','vics',32.524788,-117.027927
'id','name','type','vics',32.491556,-117.014613
'id','name','type','vics',32.488509,-116.972056
'id','name','type','vics',32.501418,-116.95699
'id','name','type','vics',32.497447,-116.949148
'id','name','type','vics',32.496199,-116.952565
'id','name','type','vics',32.500912,-116.958775
'id','name','type','vics',32.504944,-116.970985
'id','name','type','vics',32.504546,-116.971157
'id','name','type','vics',32.494191,-116.941544
'id','name','type','vics',32.494135,-116.941606
'id','name','type','vics',32.494191,-116.941544
'id','name','type','vics',32.49702,-116.950287
'id','name','type','vics',32.49748,-116.974848
'id','name','type','vics',32.495324,-116.957646
'id','name','type','vics',32.496404,-116.917267
'id','name','type','vics',32.500199,-116.950643
'id','name','type','vics',32.496182,-116.93521
'id','name','type','vics',32.507861,-116.951489
'id','name','type','vics',32.499469,-116.880731
'id','name','type','vics',32.504879,-116.893905
'id','name','type','vics',32.503644,-116.885574
'id','name','type','vics',32.500808,-116.891974
'id','name','type','vics',32.499469,-116.880731
'id','name','type','vics',32.499469,-116.880731
'id','name','type','vics',32.501264,-116.885658
'id','name','type','vics',32.510799,-116.85
'id','name','type','vics',32.4804,-117.032089
'id','name','type','vics',32.480485,-117.033629
'id','name','type','vics',32.488227,-117.040393
'id','name','type','vics',32.482046,-117.039539
'id','name','type','vics',32.495383,-117.043317
'id','name','type','vics',32.50331,-117.05429
'id','name','type','vics',32.488143,-117.040431
'id','name','type','vics',32.503109,-117.034643
'id','name','type','vics',32.48217,-117.01587
'id','name','type','vics',32.481792,-117.000694
'id','name','type','vics',32.481982,-117.015405
'id','name','type','vics',32.508471,-117.00948
'id','name','type','vics',32.484262,-116.979188
'id','name','type','vics',32.471546,-116.977932
'id','name','type','vics',32.47233,-116.978205
'id','name','type','vics',32.484005,-116.976859
'id','name','type','vics',32.486581,-116.983338
'id','name','type','vics',32.51069,-116.97208
'id','name','type','vics',32.484005,-116.976859
'id','name','type','vics',32.507626,-116.971532
'id','name','type','vics',32.505172,-116.975179
'id','name','type','vics',32.486581,-116.983338
'id','name','type','vics',32.486086,-116.946429
'id','name','type','vics',32.476379,-116.943827
'id','name','type','vics',32.476379,-116.943827
'id','name','type','vics',32.485167,-116.925892
'id','name','type','vics',32.480724,-116.931966
'id','name','type','vics',32.477726,-116.91617
'id','name','type','vics',32.478228,-116.921901
'id','name','type','vics',32.480874,-116.931057
'id','name','type','vics',32.491547,-116.88818
'id','name','type','vics',32.477536,-116.884269
'id','name','type','vics',32.476215,-116.887245
'id','name','type','vics',32.4816,-116.909069
'id','name','type','vics',32.492297,-116.889912
'id','name','type','vics',32.481226,-116.912956
'id','name','type','vics',32.476684,-116.913311
'id','name','type','vics',32.479647,-116.8751
'id','name','type','vics',32.497795,-116.865647
'id','name','type','vics',32.483444,-116.865945
'id','name','type','vics',32.482711,-116.881552
'id','name','type','vics',32.41757,-117.060284
'id','name','type','vics',32.411042,-117.034077
'id','name','type','vics',32.483878,-116.981136
'id','name','type','vics',32.488621,-116.977832
'id','name','type','vics',32.468865,-116.971533
'id','name','type','vics',32.48746,-116.948478
'id','name','type','vics',32.496199,-116.952565
'id','name','type','vics',32.470229,-116.96607
'id','name','type','vics',32.486086,-116.946429
'id','name','type','vics',32.461946,-116.975271
'id','name','type','vics',32.488862,-116.945871
'id','name','type','vics',32.496199,-116.952565
'id','name','type','vics',32.463023,-116.941256
'id','name','type','vics',32.4575,-116.928192
'id','name','type','vics',32.461077,-116.916743
'id','name','type','vics',32.459551,-116.924581
'id','name','type','vics',32.458782,-116.887214
'id','name','type','vics',32.459023,-116.886717
'id','name','type','vics',32.465584,-116.899948
'id','name','type','vics',32.467145,-116.911388
'id','name','type','vics',32.469173,-116.906608
'id','name','type','vics',32.4688,-116.862763
'id','name','type','vics',32.47884,-116.863183
'id','name','type','vics',32.478334,-116.862049
'id','name','type','vics',32.477241,-116.874368
'id','name','type','vics',32.48065,-116.878512
'id','name','type','vics',32.476383,-116.85165
'id','name','type','vics',32.473638,-116.839497
'id','name','type','vics',32.479336,-116.820351
'id','name','type','vics',32.446304,-116.987007
'id','name','type','vics',32.446304,-116.987007
'id','name','type','vics',32.446304,-116.987007
'id','name','type','vics',32.446304,-116.987007
'id','name','type','vics',32.476379,-116.943827
'id','name','type','vics',32.474785,-116.932405
'id','name','type','vics',32.472261,-116.934128
'id','name','type','vics',32.474901,-116.935221
'id','name','type','vics',32.450305,-116.924986
'id','name','type','vics',32.447813,-116.923423
'id','name','type','vics',32.460827,-116.915989
'id','name','type','vics',32.462607,-116.909928
'id','name','type','vics',32.46574,-116.928852
'id','name','type','vics',32.460361,-116.871948
'id','name','type','vics',32.448813,-116.921739
'id','name','type','vics',32.460991,-116.916774
'id','name','type','vics',32.458207,-116.821017
'id','name','type','vics',32.53378,-117.112
'id','name','type','vics',32.52497,-117.028
'id','name','type','vics',32.43844,-117.043
'id','name','type','vics',32.50691,-116.964
'id','name','type','vics',32.49432,-116.869
'id','name','type','vics',32.53975,-116.939
'id','name','type','vics',32.50802,-116.957
'id','name','type','vics',32.44827,-116.885